id,name,province,district,city,is_active,status
8594,E2E Probe 1789173130844,,Kaski,,True,rejected
8593,E2E Probe 1789171971257,,Kaski,,True,rejected
8592,E2E Probe 1789147306219,Gandaki,Kaski,,True,rejected
8591,E2E Probe 1789145725057,Gandaki,Kaski,,True,rejected
8590,E2E Probe 1789144212763,Gandaki,Kaski,,True,rejected
8589,E2E Probe 1789144118497,Gandaki,Kaski,,True,rejected
8588,E2E Probe 1789142188020,Gandaki,Kaski,,True,rejected
8587,E2E Probe 1789141210953,Gandaki,Kaski,,True,rejected
8586,E2E Probe 1789139075960,Gandaki,Kaski,,True,rejected
8585,E2E Probe 1789136439732,Gandaki,Kaski,,True,rejected
8584,E2E Probe 1789131915157,Gandaki,Kaski,,True,rejected
8583,E2E Probe 1789128932460,Gandaki,Kaski,,True,rejected
8582,E2E Probe 1789103322770,Gandaki,Kaski,,True,rejected
8581,E2E Probe 1789100652034,Gandaki,Kaski,,True,rejected
8580,E2E Probe 1789100522572,Gandaki,Kaski,,True,rejected
8579,E2E Probe 1789096853870,Gandaki,Kaski,,True,rejected
8578,E2E Probe 1789095999928,Gandaki,Kaski,,True,rejected
8577,E2E Probe 1789095791182,Gandaki,Kaski,,True,rejected
8576,E2E Probe 1789095380174,Gandaki,Kaski,,True,rejected
8575,E2E Probe 1789094265618,Gandaki,Kaski,,True,rejected
8574,E2E Probe 1789093090403,Gandaki,Kaski,,True,rejected
8573,E2E Probe 1789092599403,Gandaki,Kaski,,True,rejected
8572,E2E Probe 1789092509217,Gandaki,Kaski,,True,rejected
8571,E2E Probe 1789091399428,Gandaki,Kaski,,True,rejected
8570,E2E Probe 1789089863833,Gandaki,Kaski,,True,rejected
8569,E2E Probe 1789088347223,Gandaki,Kaski,,True,rejected
8568,E2E Probe 1789088190492,Gandaki,Kaski,,True,rejected
8567,E2E Probe 1789058575445,Gandaki,Kaski,,True,rejected
8566,E2E Probe 1789056979005,Gandaki,Kaski,,True,rejected
8565,E2E Probe 1789053549131,Gandaki,Kaski,,True,rejected
8564,E2E Probe 1789050354574,Gandaki,Kaski,,True,rejected
8563,E2E Probe 1789038204966,Gandaki,Kaski,,True,rejected
8562,E2E Probe 1789036012621,Gandaki,Kaski,,True,rejected
8561,E2E Probe 1789034624782,Gandaki,Kaski,,True,rejected
8560,E2E Probe 1789033773737,Gandaki,Kaski,,True,rejected
8559,E2E Probe 1789033732409,Gandaki,Kaski,,True,rejected
8558,E2E Probe 1789030437929,Gandaki,Kaski,,True,rejected
8557,E2E Probe 1789027951338,Gandaki,Kaski,,True,rejected
8556,E2E Probe 1789025405008,Gandaki,Kaski,,True,rejected
8555,E2E Probe 1789023182927,Gandaki,Kaski,,True,rejected
8554,E2E Probe 1789022145600,Gandaki,Kaski,,True,rejected
8553,E2E Probe 1789020251183,Gandaki,Kaski,,True,rejected
8552,E2E Probe 1789019729770,Gandaki,Kaski,,True,rejected
8551,E2E Probe 1789015747888,Gandaki,Kaski,,True,rejected
8550,E2E Probe 1789015692286,Gandaki,Kaski,,True,rejected
8549,E2E Probe 1789015583165,Gandaki,Kaski,,True,rejected
8548,E2E Probe 1789015280196,Gandaki,Kaski,,True,rejected
8547,E2E Probe 1789014886943,Gandaki,Kaski,,True,rejected
8546,E2E Probe 1789014308082,Gandaki,Kaski,,True,rejected
8545,E2E Probe 1789013957619,Gandaki,Kaski,,True,rejected
8544,E2E Probe 1789013946173,Gandaki,Kaski,,True,rejected
8543,E2E Probe 1789013545842,Gandaki,Kaski,,True,rejected
8542,E2E Probe 1789011518906,Gandaki,Kaski,,True,rejected
8541,E2E Probe 1789010764157,Gandaki,Kaski,,True,rejected
8540,E2E Probe 1789010437773,Gandaki,Kaski,,True,rejected
8539,E2E Probe 1789008144202,Gandaki,Kaski,,True,rejected
8538,E2E Probe 1789006464801,Gandaki,Kaski,,True,rejected
8537,E2E Probe 1788970221629,Gandaki,Kaski,,True,rejected
8536,E2E Probe 1788965268281,Gandaki,Kaski,,True,rejected
8535,E2E Probe 1788960187481,Gandaki,Kaski,,True,rejected
8534,E2E Probe 1788958370790,Gandaki,Kaski,,True,rejected
8533,E2E Probe 1788958363031,Gandaki,Kaski,,True,rejected
8532,E2E Notify Temple,,,Kathmandu,False,archived
5883,Bahak,Bagmati,Bagmati,,True,approved
5854,Clothing/Gear Cost (USD),,Other Expenses (USD),,False,rejected
