city,province,district,population_2021,type,notes
Kathmandu,Bagmati Province,Kathmandu,845767,metropolitan,
Lalitpur,Bagmati Province,Lalitpur,299843,metropolitan,
Bharatpur,Bagmati Province,Chitwan,280000,sub-metropolitan,
Hetauda,Bagmati Province,Makwanpur,200000,sub-metropolitan,
Budhanilkantha,Bagmati Province,Kathmandu,159206,municipality,
Tarakeshwar,Bagmati Province,Kathmandu,200000,municipality,
Gokarneshwar,Bagmati Province,Kathmandu,150000,municipality,
Suryabinayak,Bagmati Province,Bhaktapur,150000,municipality,
Chandragiri,Bagmati Province,Kathmandu,200000,municipality,
Tokha,Bagmati Province,Kathmandu,150000,municipality,
Kageshwari-Manohara,Bagmati Province,Kathmandu,160000,municipality,
Mahalaxmi,Bagmati Province,Lalitpur,120000,municipality,
Madhyapur Thimi,Bagmati Province,Bhaktapur,90000,municipality,
Nagarjun,Bagmati Province,Kathmandu,95000,municipality,
Kirtipur,Bagmati Province,Kathmandu,90000,municipality,
Bhaktapur,Bagmati Province,Bhaktapur,81000,municipality,
Kamalamai,Bagmati Province,Sindhuli,55000,municipality,
Khairahani,Bagmati Province,Chitwan,60000,municipality,
Rapti,Bagmati Province,Chitwan,60000,municipality,
Dudhauli,Bagmati Province,Sindhuli,50000,municipality,
Banepa,Bagmati Province,Kavre,55000,municipality,
Bidur,Bagmati Province,Nuwakot,40000,municipality,
Nilkantha,Bagmati Province,Dhading,30000,municipality,
Panauti,Bagmati Province,Kavre,35000,municipality,
Panchkhal,Bagmati Province,Kavre,25000,municipality,
Dhulikhel,Bagmati Province,Kavre,25000,municipality,
Manthali,Bagmati Province,Ramechhap,25000,municipality,
Bhimeshwar,Bagmati Province,Dolakha,30000,municipality,
Jiri,Bagmati Province,Dolakha,20000,municipality,
Chautara,Bagmati Province,Sindhupalchok,25000,municipality,
Melamchi,Bagmati Province,Sindhupalchok,30000,municipality,
Dhunibeshi,Bagmati Province,Dhading,25000,municipality,
Thaha,Bagmati Province,Makwanpur,25000,municipality,
Madi,Bagmati Province,Chitwan,20000,municipality,
Kalika,Bagmati Province,Chitwan,25000,municipality,
Ratnanagar,Bagmati Province,Chitwan,50000,municipality,
Makwanpur,Bagmati Province,Makwanpur,30000,municipality,
Namobuddha,Bagmati Province,Kavre,20000,municipality,
Mandandeupur,Bagmati Province,Kavre,40000,municipality,
Belkotgadhi,Bagmati Province,Nuwakot,20000,municipality,
Biratnagar,Koshi Province,Morang,244000,metropolitan,
Itahari,Koshi Province,Sunsari,170000,sub-metropolitan,
Dharan,Koshi Province,Sunsari,130000,sub-metropolitan,
Mechinagar,Koshi Province,Jhapa,150000,municipality,
Sundar Haraicha,Koshi Province,Morang,90000,municipality,
Birtamod,Koshi Province,Jhapa,90000,municipality,
Damak,Koshi Province,Jhapa,75000,municipality,
Triyuga,Koshi Province,Udayapur,60000,municipality,
Inaruwa,Koshi Province,Sunsari,70000,municipality,
Shivasatakshi,Koshi Province,Jhapa,120000,municipality,
Arjundhara,Koshi Province,Jhapa,70000,municipality,
Belbari,Koshi Province,Morang,60000,municipality,
Pathari-Shanishchare,Koshi Province,Morang,60000,municipality,
Urlabari,Koshi Province,Morang,60000,municipality,
Bhadrapur,Koshi Province,Jhapa,60000,municipality,
Duhabi,Koshi Province,Sunsari,50000,municipality,
Gauradaha,Koshi Province,Jhapa,50000,municipality,
Kankai,Koshi Province,Jhapa,50000,municipality,
Rangeli,Koshi Province,Morang,40000,municipality,
Letang,Koshi Province,Morang,35000,municipality,
Sunwarshi,Koshi Province,Sunsari,35000,municipality,
Ramdhuni,Koshi Province,Sunsari,40000,municipality,
Barahakshetra,Koshi Province,Sunsari,35000,municipality,
Ratuwamai,Koshi Province,Morang,30000,municipality,
Ilam,Koshi Province,Ilam,25000,municipality,
Suryodaya,Koshi Province,Ilam,25000,municipality,
Phidim,Koshi Province,Panchthar,20000,municipality,
Dhankuta,Koshi Province,Dhankuta,30000,municipality,
Khandbari,Koshi Province,Sankhuwasabha,20000,municipality,
Chainpur,Koshi Province,Sankhuwasabha,15000,municipality,
Bhojpur,Koshi Province,Bhojpur,20000,municipality,
Katari,Koshi Province,Udayapur,30000,municipality,
Birgunj,Madhesh Province,Parsa,190000,metropolitan,
Janakpur,Madhesh Province,Dhanusa,180000,sub-metropolitan,
Kalaiya,Madhesh Province,Bara,190000,sub-metropolitan,
Jitpursimara,Madhesh Province,Bara,120000,sub-metropolitan,
Lahan,Madhesh Province,Siraha,130000,municipality,
Rajbiraj,Madhesh Province,Saptari,120000,municipality,
Bardibas,Madhesh Province,Mahottari,75000,municipality,
Ishwarpur,Madhesh Province,Sarlahi,90000,municipality,
Lalbandi,Madhesh Province,Sarlahi,75000,municipality,
Chandrapur,Madhesh Province,Rautahat,75000,municipality,
Barahathawa,Madhesh Province,Sarlahi,60000,municipality,
Mirchaiya,Madhesh Province,Siraha,50000,municipality,
Garuda,Madhesh Province,Rautahat,50000,municipality,
Gaur,Madhesh Province,Rautahat,40000,municipality,
Malangwa,Madhesh Province,Sarlahi,45000,municipality,
Hariwan,Madhesh Province,Sarlahi,45000,municipality,
Gaushala,Madhesh Province,Mahottari,35000,municipality,
Mahagadhimai,Madhesh Province,Bara,30000,municipality,
Kalyanpur,Madhesh Province,Siraha,30000,municipality,
Dhangadhimai,Madhesh Province,Siraha,35000,municipality,
Bhangaha,Madhesh Province,Saptari,30000,municipality,
Surunga,Madhesh Province,Jhapa,30000,municipality,
Simraungadh,Madhesh Province,Bara,30000,municipality,
Godaita,Madhesh Province,Kailali,30000,municipality,
Rajpur,Madhesh Province,Rautahat,35000,municipality,
Gadhimai,Madhesh Province,Bara,25000,municipality,
Shahidnagar,Madhesh Province,Mahottari,25000,municipality,
Hanumannagar Kankalini,Madhesh Province,Saptari,40000,municipality,
Khadak,Madhesh Province,Saptari,25000,municipality,
Dhanushadham,Madhesh Province,Dhanusa,25000,municipality,
Mithila,Madhesh Province,Dhanusa,20000,municipality,
Pokhariya,Madhesh Province,Parsa,20000,municipality,
Ghorahi,Lumbini Province,Dang,200000,sub-metropolitan,
Butwal,Lumbini Province,Rupandehi,150000,sub-metropolitan,
Tulsipur,Lumbini Province,Dang,110000,sub-metropolitan,
Nepalgunj,Lumbini Province,Banke,200000,sub-metropolitan,
Tilottama,Lumbini Province,Rupandehi,70000,municipality,
Kohalpur,Lumbini Province,Banke,150000,municipality,
Banganga,Lumbini Province,Kapilvastu,40000,municipality,
Sainamaina,Lumbini Province,Rupandehi,40000,municipality,
Siddharthanagar,Lumbini Province,Rupandehi,70000,municipality,
Bardaghat,Lumbini Province,Nawalparasi,40000,municipality,
Gulariya,Lumbini Province,Bardiya,40000,municipality,
Krishnanagar,Lumbini Province,Kapilvastu,40000,municipality,
Buddhabhumi,Lumbini Province,Kapilvastu,40000,municipality,
Shivaraj,Lumbini Province,Kapilvastu,30000,municipality,
Devdaha,Lumbini Province,Rupandehi,25000,municipality,
Sunawal,Lumbini Province,Nawalparasi,40000,municipality,
Tansen,Lumbini Province,Palpa,35000,municipality,
Lamahi,Lumbini Province,Dang,30000,municipality,
Rajapur,Lumbini Province,Bardiya,30000,municipality,
Barbardiya,Lumbini Province,Bardiya,30000,municipality,
Madhuwan,Lumbini Province,Maharajgunj,25000,municipality,
Thakurbaba,Lumbini Province,Bardiya,30000,municipality,
Rampur,Lumbini Province,Chitwan,25000,municipality,
Sitganga,Lumbini Province,Arghakhanchi,60000,municipality,
Resunga,Lumbini Province,Arghakhanchi,25000,municipality,
Sandhikharka,Lumbini Province,Arghakhanchi,25000,municipality,
Pyuthan,Lumbini Province,Pyuthan,25000,municipality,
Swargadwari,Lumbini Province,Pyuthan,25000,municipality,
Rolpa,Lumbini Province,Rolpa,30000,municipality,
Musikot,Lumbini Province,Gulmi,30000,municipality,
Banglachuli,Lumbini Province,Dang,30000,municipality,
Kapilvastu,Lumbini Province,Kapilvastu,30000,municipality,
Maharajgunj,Lumbini Province,Maharajgunj,25000,municipality,
Lumbini Sanskritik,Lumbini Province,Rupandehi,30000,municipality,
Pokhara,Gandaki Province,Kaski,513504,metropolitan,
Gaindakot,Gandaki Province,Nawalparasi,120000,municipality,
Vyas,Gandaki Province,Tanahu,50000,municipality,
Baglung,Gandaki Province,Baglung,40000,municipality,
Waling,Gandaki Province,Syangja,40000,municipality,
Shuklagandaki,Gandaki Province,Tanahu,40000,municipality,
Gorkha,Gandaki Province,Gorkha,30000,municipality,
Besisahar,Gandaki Province,Lamjung,25000,municipality,
Kushma,Gandaki Province,Parbat,30000,municipality,
Palungtar,Gandaki Province,Gorkha,25000,municipality,
Putalibazar,Gandaki Province,Syangja,20000,municipality,
Galyang,Gandaki Province,Syangja,20000,municipality,
Bhirkot,Gandaki Province,Syangja,20000,municipality,
Chapakot,Gandaki Province,Syangja,20000,municipality,
Madhyabindu,Gandaki Province,Nawalparasi,30000,municipality,
Kawasoti,Gandaki Province,Nawalparasi,30000,municipality,
Devchuli,Gandaki Province,Nawalparasi,30000,municipality,
Beni,Gandaki Province,Myagdi,20000,municipality,
Rainas,Gandaki Province,Kaski,20000,municipality,
Sundarbazar,Gandaki Province,Lamjung,20000,municipality,
Madhya Nepal,Gandaki Province,Lamjung,20000,municipality,
Bhimad,Gandaki Province,Tanahu,20000,municipality,
Bhanu,Gandaki Province,Tanahu,20000,municipality,
Birendranagar,Karnali Province,Surkhet,154900,sub-metropolitan,
Musikot,Karnali Province,Rukum West,25000,municipality,
Aathbiskot,Karnali Province,Rukum West,20000,municipality,
Chaurjahari,Karnali Province,Rukum West,25000,municipality,
Sharada,Karnali Province,Salyan,20000,municipality,
Bagchaur,Karnali Province,Salyan,25000,municipality,
Bheriganga,Karnali Province,Surkhet,30000,municipality,
Gurbhakot,Karnali Province,Surkhet,25000,municipality,
Panchapuri,Karnali Province,Surkhet,25000,municipality,
Chhayanath Rara,Karnali Province,Mugu,20000,municipality,
Chandannath,Karnali Province,Jumla,20000,municipality,
Dullu,Karnali Province,Dailekh,20000,municipality,
Aathabis,Karnali Province,Kalikot,20000,municipality,
Bheri,Karnali Province,Jajarkot,20000,municipality,
Chhedagad,Karnali Province,Jajarkot,20000,municipality,
Nalgad,Karnali Province,Jajarkot,20000,municipality,
Jajarkot,Karnali Province,Jajarkot,20000,municipality,
Khandachakra,Karnali Province,Kalikot,20000,municipality,
Dhangadhi,Sudurpashchim Province,Kailali,198800,sub-metropolitan,
Bhimdatta,Sudurpashchim Province,Kanchanpur,122300,sub-metropolitan,
Godawari,Sudurpashchim Province,Kailali,40000,municipality,
Tikapur,Sudurpashchim Province,Kailali,30000,municipality,
Ghodaghodi,Sudurpashchim Province,Kailali,30000,municipality,
Krishnapur,Sudurpashchim Province,Kanchanpur,30000,municipality,
Shuklaphanta,Sudurpashchim Province,Kanchanpur,30000,municipality,
Belauri,Sudurpashchim Province,Kanchanpur,25000,municipality,
Bedkot,Sudurpashchim Province,Kanchanpur,25000,municipality,
Punarbas,Sudurpashchim Province,Kanchanpur,25000,municipality,
Lamki-Chuha,Sudurpashchim Province,Kailali,40000,municipality,
Gauriganga,Sudurpashchim Province,Kailali,30000,municipality,
Bhajani,Sudurpashchim Province,Kailali,25000,municipality,
Bardagoria,Sudurpashchim Province,Bardyia,25000,municipality,
Dipayal Silgadhi,Sudurpashchim Province,Doti,25000,municipality,
Dadeldhura,Sudurpashchim Province,Dadeldhura,25000,municipality,
Amargadhi,Sudurpashchim Province,Dadeldhura,25000,municipality,
Puchaudi,Sudurpashchim Province,Dadeldhura,20000,municipality
Bardaghat (duplicate source name),Lumbini Province,Nawalparasi,40000,municipality,duplicate of entry Bardaghat in source list
Besisahar (duplicate source name),Gandaki Province,Lamjung,25000,municipality,duplicate of entry Besisahar in source list
Shuklagandaki (duplicate source name),Gandaki Province,Tanahu,40000,municipality,duplicate of entry Shuklagandaki in source list
