6794	Chhath_puja_blessed_food.jpg
6547	Chhairo_gompa_lhakhang.JPG
7238	Mustang-Lo_Manthang-41-Jampa_Lhakhang-2015-gje.jpg
6595	Jhapa_Tea_Garden.jpg
6598	Scenic_beauty_of_anpchaur,gulmi_Nepal.jpg
6602	Orange_orchard_at_the_hill_of_Dhading,Nepal.jpg
6604	Apple_Garden_Mustang_02.jpg
6606	स्याउ.JPG
6626	The_Cliff_Kali_Gandaki_river_Kusma_Baglung_Bungee.png
6995	Bungee_Jump,_The_Last_Resort,_Nepal.jpg
2799	Paragliding_in_Pokhara_2008.jpg
6421	Phulchowki_Hill.jpg
6720	Phulchowki_Hill.jpg
2601	Birethanti-Hille-56-2013-gje.jpg
7004	Demonstration_Before_Raft-Rafting_in_Trishuli_River,_Nepal-3060.jpg
6640	Sunkoshi_River_and_BP_Highway_Sindhuli.jpg
6637	Seti_gorge.jpg
6562	Makwanpur_Gadhi.JPG
6561	Sindhuli_Gadhi,_Sindhuli.jpg
90	Lo_Manthang_Royal_Palace.JPG
575	Tilaurakot,_Kapilvastu_Ancient_Shakya_Capital_01.jpg
7016	6_Lane_Araniko_Highway_as_seen_from_Madhyapur,_Thimi.jpg
6679	Araniko_Highway-08-Haus-2014-gje.jpg
6682	B.P._Highway_Bardibas_02.jpg
6678	Prithvi_Highway_at_Ghansikuwa.jpg
7015	Siddharta_Highway_Near_Galyang.jpg
7018	Pasang_Lhamu_Highway,_On_the_way_to_Dhunche,_Langtang_National_Park,_Rasuwa,_Nepal.jpg
6684	Pasang_Lhamu_Highway,_On_the_way_to_Dhunche,_Langtang_National_Park,_Rasuwa,_Nepal.jpg
6687	Mahendra_Rajmarg0471_Butwal.JPG
6681	Kowang,_Gandaki_River,_Nepal.jpg
6942	Pikey_peak_top.jpg
372	ChukhungIslandPeak.jpg
1668	Maipokhari,ilam.jpg
1400	Resunga,Tamghas.jpg
6848	Resunga,Tamghas.jpg
3629	Larke_La_Manaslu_Circuit_05.jpg
2574	Larke_La_Manaslu_Circuit_05.jpg
2888	Dho_2017-04-30_view-from-outside.jpg
909	Sarangkot_Pokhara.jpg
2307	Mohare_Dada.JPG
2313	Mohare_Dada.JPG
6028	Mohare_Dada.JPG
366	Lamjura_La_pass_(3530_m)._-_panoramio.jpg
6566	Jamacho_Nagarjun_Peak.jpg
7222	Ambikeshwari_Temple_अम्बिकेश्वरी_मन्दिर,_Ghorahi.jpg
5826	Badimalika_Temple,_Bajura,_Nepal.jpg
7039	Badimalika_Temple,_Bajura,_Nepal.jpg
6840	Barahachhetra_temple_of_Sunsari.jpg
7227	Barahachhetra_temple_of_Sunsari.jpg
7035	Barahachhetra_temple_of_Sunsari.jpg
6795	Barahachhetra_temple_of_Sunsari.jpg
6796	Barahachhetra_temple_of_Sunsari.jpg
6849	Bhairabsthan_Palpa-2.jpg
6854	Uphill_view_of_Chhintang_-_7,_Dhankuta.jpg
7208	Padukasthan.jpg
6863	Panch_Pokhari_as_seen_from_the_Viewpoint.jpg
7218	Kailashnath_Mahadev_08.jpg
7225	Rishikesh_Mandir,_Palpa,_Nepal_03.jpg
7207	Sesh_Narayan_Temple_Brahama_Tole_Kathmandu_Nepal_Rajesh_Dhungana_(5).jpg
6542	Siddha_Gufa-Cave_Bimal_Nagar,_Nepal-WLV-2076.jpg
7198	Le_sikhara_de_Siddhi_Lakshmi_(Bhaktapur)_(8566410994).jpg
6861	Surma_Sarobar5.jpg
5823	Swargadwari_temple.jpg
6844	Swargadwari_temple.jpg
7036	Swargadwari_temple.jpg
6846	Kushmanda_Sarowar_Triveni_Dham.jpg
5830	Halesi_Mahadev_Temple.jpg
7229	Dhanushadham_Govindapur_Janakpur_Dhanusha_Nepal_Rajesh_Dhungana_(6).jpg
46	ChoOyu-fromGokyo.jpg
3088	Makalu_mountain_range.jpg
6879	Mustang-Jhong-Hoehle-02-2015-gje.jpg
7237	Mustang-Lo_Manthang-17-Thubchen_Lhakhang-2015-gje.jpg
